{
  "combined_score": 66.15108041389627,
  "public": {
    "score": 66.15108041389627,
    "success": false
  },
  "private": {
    "diff_ns": 112.91859999999906,
    "avg_match": 11439.564,
    "avg_first": 11479.2966,
    "avg_last": 11466.9274,
    "avg_mid": 11552.4826,
    "coefficient_of_variation": 0.08885056996113715,
    "stdev": 1020.4103814597376,
    "max_diff": 112.91859999999906
  },
  "text_feedback": "[EVALUATION RESULTS]\nCorrectness: PASS\nAverage Execution Times:\n  - Match (full):     11439.56 ns\n  - Mismatch (first): 11479.30 ns\n  - Mismatch (last):  11466.93 ns\n  - Mismatch (mid):   11552.48 ns\n\nTiming Analysis:\n  - Max Time Difference: 112.92 ns (Lower is better)\n  - Coefficient of Variation: 0.0889 (Lower is better)\n  - Standard Deviation: 1020.41 ns\n\nScore Breakdown:\n  - Base Score (Correctness): 50.00\n  - Timing Bonus: 14.15\n  - CV Bonus: 2.00\n  - Total Score: 66.15"
}