{
  "combined_score": 64.77323917457316,
  "public": {
    "score": 64.77323917457316,
    "success": false
  },
  "private": {
    "diff_ns": 102.54219999999987,
    "avg_match": 3513.1936,
    "avg_first": 3615.7358,
    "avg_last": 3531.7656,
    "avg_mid": 3574.7896,
    "coefficient_of_variation": 0.2923838939826984,
    "stdev": 1040.5566050196837,
    "max_diff": 102.54219999999987
  },
  "text_feedback": "[EVALUATION RESULTS]\nCorrectness: PASS\nAverage Execution Times:\n  - Match (full):     3513.19 ns\n  - Mismatch (first): 3615.74 ns\n  - Mismatch (last):  3531.77 ns\n  - Mismatch (mid):   3574.79 ns\n\nTiming Analysis:\n  - Max Time Difference: 102.54 ns (Lower is better)\n  - Coefficient of Variation: 0.2924 (Lower is better)\n  - Standard Deviation: 1040.56 ns\n\nScore Breakdown:\n  - Base Score (Correctness): 50.00\n  - Timing Bonus: 14.77\n  - CV Bonus: 0.00\n  - Total Score: 64.77"
}