{
  "combined_score": 63.428546318841065,
  "public": {
    "score": 63.428546318841065,
    "success": false
  },
  "private": {
    "diff_ns": 126.28099999999995,
    "avg_match": 2957.212,
    "avg_first": 3050.3672,
    "avg_last": 2963.1314,
    "avg_mid": 3083.493,
    "coefficient_of_variation": 0.5618142086805024,
    "stdev": 1693.0557142019159,
    "max_diff": 126.28099999999995
  },
  "text_feedback": "[EVALUATION RESULTS]\nCorrectness: PASS\nAverage Execution Times:\n  - Match (full):     2957.21 ns\n  - Mismatch (first): 3050.37 ns\n  - Mismatch (last):  2963.13 ns\n  - Mismatch (mid):   3083.49 ns\n\nTiming Analysis:\n  - Max Time Difference: 126.28 ns (Lower is better)\n  - Coefficient of Variation: 0.5618 (Lower is better)\n  - Standard Deviation: 1693.06 ns\n\nScore Breakdown:\n  - Base Score (Correctness): 50.00\n  - Timing Bonus: 13.43\n  - CV Bonus: 0.00\n  - Total Score: 63.43"
}